<?xml version="1.0" encoding="UTF-8"?>
<ApexClass xmlns="http://soap.sforce.com/2006/04/metadata">
    <apiVersion>25.0</apiVersion>
    <packageVersions>
        <majorNumber>2</majorNumber>
        <minorNumber>10</minorNumber>
        <namespace>BG_SMS</namespace>
    </packageVersions>
    <packageVersions>
        <majorNumber>2</majorNumber>
        <minorNumber>72</minorNumber>
        <namespace>OBJCNVTR</namespace>
    </packageVersions>
    <packageVersions>
        <majorNumber>1</majorNumber>
        <minorNumber>73</minorNumber>
        <namespace>SFSSDupeCatcher</namespace>
    </packageVersions>
    <packageVersions>
        <majorNumber>1</majorNumber>
        <minorNumber>1</minorNumber>
        <namespace>Slabs_ac</namespace>
    </packageVersions>
    <packageVersions>
        <majorNumber>1</majorNumber>
        <minorNumber>20</minorNumber>
        <namespace>awduplicate</namespace>
    </packageVersions>
    <packageVersions>
        <majorNumber>1</majorNumber>
        <minorNumber>3</minorNumber>
        <namespace>dynl</namespace>
    </packageVersions>
    <packageVersions>
        <majorNumber>1</majorNumber>
        <minorNumber>13</minorNumber>
        <namespace>pdfw</namespace>
    </packageVersions>
    <packageVersions>
        <majorNumber>1</majorNumber>
        <minorNumber>1</minorNumber>
        <namespace>vfgenerator</namespace>
    </packageVersions>
    <status>Active</status>
</ApexClass>
